Campaign,Campaign Type,Budget,Budget Type,Delivery Method,Networks,Search Partners,Display Network,Political ads in EU,Start Date,End Date,Ad Rotation,Status,Languages,Location Target,Bidding Strategy,Enhanced CPC,Type,Ad Group,Default Bid,Keyword,Criterion Type,Max CPC,Final URL,Ad Type,Headline 1,Headline 2,Headline 3,Headline 4,Headline 5,Headline 6,Description 1,Description 2,Description 3,Description 4
GEO V2: VVS - 17 byer,Search-only,1000.0,Daily,Standard,Search,No,No,No,,,Rotate_Evenly,Active,da,Multi-geo,Maximize Clicks,No,Campaign,,,,,,,,,,,,,,,,,
GEO V2: VVS - 17 byer,,,,,,,,,,,,Active,,,,,Ad Group,GEO V2: VVS - 17 byer - Hovedgruppe,45.0,,,,,,,,,,,,,,,
GEO V2: VVS - 17 byer,,,,,,,,,,,,Active,,,,,Keyword,GEO V2: VVS - 17 byer - Hovedgruppe,,VVS Albertslund,Exact,45.0,https://johnsvvs.dk/vvs-albertslund/,,,,,,,,,,,
GEO V2: VVS - 17 byer,,,,,,,,,,,,Active,,,,,Keyword,GEO V2: VVS - 17 byer - Hovedgruppe,,VVS Brøndby,Exact,45.0,https://johnsvvs.dk/vvs-broendby/,,,,,,,,,,,
GEO V2: VVS - 17 byer,,,,,,,,,,,,Active,,,,,Keyword,GEO V2: VVS - 17 byer - Hovedgruppe,,VVS Brøndby Strand,Exact,45.0,https://johnsvvs.dk/vvs-broendby-strand/,,,,,,,,,,,
GEO V2: VVS - 17 byer,,,,,,,,,,,,Active,,,,,Keyword,GEO V2: VVS - 17 byer - Hovedgruppe,,VVS Frederiksberg C,Exact,45.0,https://johnsvvs.dk/vvs-frederiksberg-c/,,,,,,,,,,,
GEO V2: VVS - 17 byer,,,,,,,,,,,,Active,,,,,Keyword,GEO V2: VVS - 17 byer - Hovedgruppe,,VVS Glostrup,Exact,45.0,https://johnsvvs.dk/vvs-glostrup/,,,,,,,,,,,
GEO V2: VVS - 17 byer,,,,,,,,,,,,Active,,,,,Keyword,GEO V2: VVS - 17 byer - Hovedgruppe,,VVS Greve,Exact,45.0,https://johnsvvs.dk/vvs-greve/,,,,,,,,,,,
GEO V2: VVS - 17 byer,,,,,,,,,,,,Active,,,,,Keyword,GEO V2: VVS - 17 byer - Hovedgruppe,,VVS Hedehusene,Exact,45.0,https://johnsvvs.dk/vvs-hedehusene/,,,,,,,,,,,
GEO V2: VVS - 17 byer,,,,,,,,,,,,Active,,,,,Keyword,GEO V2: VVS - 17 byer - Hovedgruppe,,VVS Hvidovre,Exact,45.0,https://johnsvvs.dk/vvs-hvidovre/,,,,,,,,,,,
GEO V2: VVS - 17 byer,,,,,,,,,,,,Active,,,,,Keyword,GEO V2: VVS - 17 byer - Hovedgruppe,,VVS Ishøj,Exact,45.0,https://johnsvvs.dk/vvs-ishoej/,,,,,,,,,,,
GEO V2: VVS - 17 byer,,,,,,,,,,,,Active,,,,,Keyword,GEO V2: VVS - 17 byer - Hovedgruppe,,VVS Karlslunde,Exact,45.0,https://johnsvvs.dk/vvs-karlslunde/,,,,,,,,,,,
GEO V2: VVS - 17 byer,,,,,,,,,,,,Active,,,,,Keyword,GEO V2: VVS - 17 byer - Hovedgruppe,,VVS København K,Exact,45.0,https://johnsvvs.dk/vvs-koebenhavn-k/,,,,,,,,,,,
GEO V2: VVS - 17 byer,,,,,,,,,,,,Active,,,,,Keyword,GEO V2: VVS - 17 byer - Hovedgruppe,,VVS København N,Exact,45.0,https://johnsvvs.dk/vvs-koebenhavn-n/,,,,,,,,,,,
GEO V2: VVS - 17 byer,,,,,,,,,,,,Active,,,,,Keyword,GEO V2: VVS - 17 byer - Hovedgruppe,,VVS København V,Exact,45.0,https://johnsvvs.dk/vvs-koebenhavn-v/,,,,,,,,,,,
GEO V2: VVS - 17 byer,,,,,,,,,,,,Active,,,,,Keyword,GEO V2: VVS - 17 byer - Hovedgruppe,,VVS Taastrup,Exact,45.0,https://johnsvvs.dk/vvs-taastrup/,,,,,,,,,,,
GEO V2: VVS - 17 byer,,,,,,,,,,,,Active,,,,,Keyword,GEO V2: VVS - 17 byer - Hovedgruppe,,VVS Tune,Exact,45.0,https://johnsvvs.dk/vvs-tune/,,,,,,,,,,,
GEO V2: VVS - 17 byer,,,,,,,,,,,,Active,,,,,Keyword,GEO V2: VVS - 17 byer - Hovedgruppe,,VVS Vallensbæk,Exact,45.0,https://johnsvvs.dk/vvs-vallensbaek/,,,,,,,,,,,
GEO V2: VVS - 17 byer,,,,,,,,,,,,Active,,,,,Keyword,GEO V2: VVS - 17 byer - Hovedgruppe,,VVS Vallensbæk Strand,Exact,45.0,https://johnsvvs.dk/vvs-vallensbaek-strand/,,,,,,,,,,,
GEO V2: VVS - 17 byer,,,,,,,,,,,,Active,,,,,Ad,GEO V2: VVS - 17 byer - Hovedgruppe,,,,,https://johnsvvs.dk/albertslund/,Responsive Search Ad,VVS Albertslund ,Johns VVS,VVSeren er landet,Hvad er vvs ,Hvem er john,Lad os VVS den,vi er succesfulde,Bedsete vvs firma i byen er her,Lad mig se vhad du kan ,Hvem er du hvem er jeg
